{
  "pulled_at": "2026-04-19T21:38:19.834548+00:00",
  "timeframe": "last_30_days",
  "tag": "audit",
  "conversion_metric_id": "RFkPcF",
  "flows": [
    {
      "flow_id": "RpUXJv",
      "flow_name": "AM · AR · Welcome",
      "tier": "legacy",
      "protected": false,
      "statistics": {
        "unsubscribes": 2.0,
        "clicks": 6.0,
        "opens_unique": 450.0,
        "clicks_unique": 6.0,
        "conversion_value": 4997.28006,
        "bounced": 35.0,
        "recipients": 1690.0,
        "spam_complaints": 0.0,
        "delivered": 1655.0,
        "conversions": 5.0,
        "opens": 508.0,
        "open_rate": 0.26627218934911245,
        "click_rate": 0.0035502958579881655,
        "click_to_open_rate": 0.013333333333333334,
        "bounce_rate": 0.020710059171597635,
        "unsubscribe_rate": 0.001183431952662722,
        "spam_complaint_rate": 0.0,
        "conversion_rate": 0.0029585798816568047,
        "delivery_rate": 0.9792899408284024,
        "revenue_per_recipient": 2.956970449704142
      }
    },
    {
      "flow_id": "VKsTPF",
      "flow_name": "AM · AR · Browse Abandonment",
      "tier": "legacy",
      "protected": false,
      "statistics": {
        "unsubscribes": 0.0,
        "clicks": 37.0,
        "opens_unique": 417.0,
        "clicks_unique": 16.0,
        "conversion_value": 3951.55005,
        "bounced": 27.0,
        "recipients": 1428.0,
        "spam_complaints": 0.0,
        "delivered": 1401.0,
        "conversions": 3.0,
        "opens": 478.0,
        "open_rate": 0.2920168067226891,
        "click_rate": 0.011204481792717087,
        "click_to_open_rate": 0.03836930455635491,
        "bounce_rate": 0.018907563025210083,
        "unsubscribe_rate": 0.0,
        "spam_complaint_rate": 0.0,
        "conversion_rate": 0.0021008403361344537,
        "delivery_rate": 0.9810924369747899,
        "revenue_per_recipient": 2.767191911764706
      }
    },
    {
      "flow_id": "TqHqU2",
      "flow_name": "AM · AR · Referral",
      "tier": "legacy",
      "protected": false,
      "statistics": {
        "unsubscribes": 1.0,
        "clicks": 17.0,
        "opens_unique": 292.0,
        "clicks_unique": 10.0,
        "conversion_value": 0.0,
        "bounced": 3.0,
        "recipients": 896.0,
        "spam_complaints": 0.0,
        "delivered": 893.0,
        "conversions": 0.0,
        "opens": 371.0,
        "open_rate": 0.32589285714285715,
        "click_rate": 0.011160714285714286,
        "click_to_open_rate": 0.03424657534246575,
        "bounce_rate": 0.0033482142857142855,
        "unsubscribe_rate": 0.0011160714285714285,
        "spam_complaint_rate": 0.0,
        "conversion_rate": 0.0,
        "delivery_rate": 0.9966517857142857,
        "revenue_per_recipient": 0.0
      }
    },
    {
      "flow_id": "Xkg5DZ",
      "flow_name": "AM · AR · Abandoned Cart",
      "tier": "legacy",
      "protected": true,
      "statistics": {
        "unsubscribes": 1.0,
        "clicks": 3.0,
        "opens_unique": 220.0,
        "clicks_unique": 2.0,
        "conversion_value": 2201.5,
        "bounced": 10.0,
        "recipients": 609.0,
        "spam_complaints": 0.0,
        "delivered": 599.0,
        "conversions": 1.0,
        "opens": 262.0,
        "open_rate": 0.361247947454844,
        "click_rate": 0.003284072249589491,
        "click_to_open_rate": 0.00909090909090909,
        "bounce_rate": 0.016420361247947456,
        "unsubscribe_rate": 0.0016420361247947454,
        "spam_complaint_rate": 0.0,
        "conversion_rate": 0.0016420361247947454,
        "delivery_rate": 0.9835796387520526,
        "revenue_per_recipient": 3.6149425287356323
      }
    },
    {
      "flow_id": "UQqPVR",
      "flow_name": "AM · AR · Site-abandonment",
      "tier": "legacy",
      "protected": false,
      "statistics": {
        "unsubscribes": 0.0,
        "clicks": 1.0,
        "opens_unique": 60.0,
        "clicks_unique": 1.0,
        "conversion_value": 0.0,
        "bounced": 10.0,
        "recipients": 245.0,
        "spam_complaints": 0.0,
        "delivered": 235.0,
        "conversions": 0.0,
        "opens": 69.0,
        "open_rate": 0.24489795918367346,
        "click_rate": 0.004081632653061225,
        "click_to_open_rate": 0.016666666666666666,
        "bounce_rate": 0.04081632653061224,
        "unsubscribe_rate": 0.0,
        "spam_complaint_rate": 0.0,
        "conversion_rate": 0.0,
        "delivery_rate": 0.9591836734693877,
        "revenue_per_recipient": 0.0
      }
    },
    {
      "flow_id": "Xu8gx8",
      "flow_name": "AM · AR · Abandoned Checkout",
      "tier": "legacy",
      "protected": false,
      "statistics": {
        "unsubscribes": 0.0,
        "clicks": 2.0,
        "opens_unique": 65.0,
        "clicks_unique": 2.0,
        "conversion_value": 0.0,
        "bounced": 2.0,
        "recipients": 208.0,
        "spam_complaints": 0.0,
        "delivered": 206.0,
        "conversions": 0.0,
        "opens": 73.0,
        "open_rate": 0.3125,
        "click_rate": 0.009615384615384616,
        "click_to_open_rate": 0.03076923076923077,
        "bounce_rate": 0.009615384615384616,
        "unsubscribe_rate": 0.0,
        "spam_complaint_rate": 0.0,
        "conversion_rate": 0.0,
        "delivery_rate": 0.9903846153846154,
        "revenue_per_recipient": 0.0
      }
    },
    {
      "flow_id": "UcxCCH",
      "flow_name": "AM · AR · Customer Thank You",
      "tier": "legacy",
      "protected": false,
      "statistics": {
        "unsubscribes": 1.0,
        "clicks": 0.0,
        "opens_unique": 33.0,
        "clicks_unique": 0.0,
        "conversion_value": 0.0,
        "bounced": 2.0,
        "recipients": 78.0,
        "spam_complaints": 0.0,
        "delivered": 76.0,
        "conversions": 0.0,
        "opens": 38.0,
        "open_rate": 0.4230769230769231,
        "click_rate": 0.0,
        "click_to_open_rate": 0.0,
        "bounce_rate": 0.02564102564102564,
        "unsubscribe_rate": 0.01282051282051282,
        "spam_complaint_rate": 0.0,
        "conversion_rate": 0.0,
        "delivery_rate": 0.9743589743589743,
        "revenue_per_recipient": 0.0
      }
    }
  ]
}