{
  "pulled_at": "2026-04-19T22:26:45.168169+00:00",
  "timeframe": "last_30_days",
  "tag": "audit",
  "conversion_metric_id": "RFkPcF",
  "flows": [
    {
      "flow_id": "RpUXJv",
      "flow_name": "AM · AR · Welcome",
      "tier": "legacy",
      "protected": false,
      "statistics": {
        "delivered": 1657.0,
        "conversion_value": 4997.28006,
        "bounced": 35.0,
        "opens": 510.0,
        "recipients": 1692.0,
        "unsubscribes": 2.0,
        "clicks_unique": 6.0,
        "clicks": 6.0,
        "conversions": 5.0,
        "opens_unique": 451.0,
        "spam_complaints": 0.0,
        "open_rate": 0.266548463356974,
        "click_rate": 0.0035460992907801418,
        "click_to_open_rate": 0.013303769401330377,
        "bounce_rate": 0.020685579196217493,
        "unsubscribe_rate": 0.001182033096926714,
        "spam_complaint_rate": 0.0,
        "conversion_rate": 0.002955082742316785,
        "delivery_rate": 0.9793144208037825,
        "revenue_per_recipient": 2.9534752127659574
      }
    },
    {
      "flow_id": "VKsTPF",
      "flow_name": "AM · AR · Browse Abandonment",
      "tier": "legacy",
      "protected": false,
      "statistics": {
        "delivered": 1403.0,
        "conversion_value": 3951.55005,
        "bounced": 27.0,
        "opens": 478.0,
        "recipients": 1430.0,
        "unsubscribes": 0.0,
        "clicks_unique": 16.0,
        "clicks": 37.0,
        "conversions": 3.0,
        "opens_unique": 417.0,
        "spam_complaints": 0.0,
        "open_rate": 0.2916083916083916,
        "click_rate": 0.011188811188811189,
        "click_to_open_rate": 0.03836930455635491,
        "bounce_rate": 0.01888111888111888,
        "unsubscribe_rate": 0.0,
        "spam_complaint_rate": 0.0,
        "conversion_rate": 0.002097902097902098,
        "delivery_rate": 0.9811188811188811,
        "revenue_per_recipient": 2.763321713286713
      }
    },
    {
      "flow_id": "TqHqU2",
      "flow_name": "AM · AR · Referral",
      "tier": "legacy",
      "protected": false,
      "statistics": {
        "delivered": 894.0,
        "conversion_value": 0.0,
        "bounced": 3.0,
        "opens": 371.0,
        "recipients": 897.0,
        "unsubscribes": 1.0,
        "clicks_unique": 10.0,
        "clicks": 17.0,
        "conversions": 0.0,
        "opens_unique": 292.0,
        "spam_complaints": 0.0,
        "open_rate": 0.3255295429208473,
        "click_rate": 0.011148272017837236,
        "click_to_open_rate": 0.03424657534246575,
        "bounce_rate": 0.0033444816053511705,
        "unsubscribe_rate": 0.0011148272017837235,
        "spam_complaint_rate": 0.0,
        "conversion_rate": 0.0,
        "delivery_rate": 0.9966555183946488,
        "revenue_per_recipient": 0.0
      }
    },
    {
      "flow_id": "Xkg5DZ",
      "flow_name": "AM · AR · Abandoned Cart",
      "tier": "legacy",
      "protected": true,
      "statistics": {
        "delivered": 599.0,
        "conversion_value": 2201.5,
        "bounced": 10.0,
        "opens": 263.0,
        "recipients": 609.0,
        "unsubscribes": 1.0,
        "clicks_unique": 2.0,
        "clicks": 3.0,
        "conversions": 1.0,
        "opens_unique": 220.0,
        "spam_complaints": 0.0,
        "open_rate": 0.361247947454844,
        "click_rate": 0.003284072249589491,
        "click_to_open_rate": 0.00909090909090909,
        "bounce_rate": 0.016420361247947456,
        "unsubscribe_rate": 0.0016420361247947454,
        "spam_complaint_rate": 0.0,
        "conversion_rate": 0.0016420361247947454,
        "delivery_rate": 0.9835796387520526,
        "revenue_per_recipient": 3.6149425287356323
      }
    },
    {
      "flow_id": "UQqPVR",
      "flow_name": "AM · AR · Site-abandonment",
      "tier": "legacy",
      "protected": false,
      "statistics": {
        "delivered": 235.0,
        "conversion_value": 0.0,
        "bounced": 10.0,
        "opens": 69.0,
        "recipients": 245.0,
        "unsubscribes": 0.0,
        "clicks_unique": 1.0,
        "clicks": 1.0,
        "conversions": 0.0,
        "opens_unique": 60.0,
        "spam_complaints": 0.0,
        "open_rate": 0.24489795918367346,
        "click_rate": 0.004081632653061225,
        "click_to_open_rate": 0.016666666666666666,
        "bounce_rate": 0.04081632653061224,
        "unsubscribe_rate": 0.0,
        "spam_complaint_rate": 0.0,
        "conversion_rate": 0.0,
        "delivery_rate": 0.9591836734693877,
        "revenue_per_recipient": 0.0
      }
    },
    {
      "flow_id": "Xu8gx8",
      "flow_name": "AM · AR · Abandoned Checkout",
      "tier": "legacy",
      "protected": false,
      "statistics": {
        "delivered": 206.0,
        "conversion_value": 0.0,
        "bounced": 2.0,
        "opens": 74.0,
        "recipients": 208.0,
        "unsubscribes": 0.0,
        "clicks_unique": 2.0,
        "clicks": 2.0,
        "conversions": 0.0,
        "opens_unique": 66.0,
        "spam_complaints": 0.0,
        "open_rate": 0.3173076923076923,
        "click_rate": 0.009615384615384616,
        "click_to_open_rate": 0.030303030303030304,
        "bounce_rate": 0.009615384615384616,
        "unsubscribe_rate": 0.0,
        "spam_complaint_rate": 0.0,
        "conversion_rate": 0.0,
        "delivery_rate": 0.9903846153846154,
        "revenue_per_recipient": 0.0
      }
    },
    {
      "flow_id": "UcxCCH",
      "flow_name": "AM · AR · Customer Thank You",
      "tier": "legacy",
      "protected": false,
      "statistics": {
        "delivered": 76.0,
        "conversion_value": 0.0,
        "bounced": 2.0,
        "opens": 38.0,
        "recipients": 78.0,
        "unsubscribes": 1.0,
        "clicks_unique": 0.0,
        "clicks": 0.0,
        "conversions": 0.0,
        "opens_unique": 33.0,
        "spam_complaints": 0.0,
        "open_rate": 0.4230769230769231,
        "click_rate": 0.0,
        "click_to_open_rate": 0.0,
        "bounce_rate": 0.02564102564102564,
        "unsubscribe_rate": 0.01282051282051282,
        "spam_complaint_rate": 0.0,
        "conversion_rate": 0.0,
        "delivery_rate": 0.9743589743589743,
        "revenue_per_recipient": 0.0
      }
    }
  ]
}